{"cameraMode":{"drawMode":0,"name":"Shaded","section":"Shading Mode"},"sceneLighting":true,"audioPlay":false,"sceneViewState":{"m_AlwaysRefresh":false,"showFog":true,"showSkybox":true,"showFlares":true,"showImageEffects":true,"showParticleSystems":true,"showVisualEffectGraphs":true,"m_FxEnabled":true},"in2DMode":false,"pivot":{"x":13.172090530395508,"y":27.4185733795166,"z":-174.80445861816407},"rotation":{"x":0.16627953946590424,"y":0.013591750524938107,"z":-0.002238407265394926,"w":0.9860354065895081},"size":0.46697020530700686,"orthographic":false}