{"cameraMode":{"drawMode":0,"name":"Shaded","section":"Shading Mode"},"sceneLighting":true,"audioPlay":false,"sceneViewState":{"m_AlwaysRefresh":false,"showFog":true,"showSkybox":true,"showFlares":true,"showImageEffects":true,"showParticleSystems":true,"showVisualEffectGraphs":true,"m_FxEnabled":true},"in2DMode":false,"pivot":{"x":5.478977203369141,"y":4.277424335479736,"z":15.909859657287598},"rotation":{"x":0.02306053228676319,"y":-0.004223124589771032,"z":0.000109483691630885,"w":0.9997329115867615},"size":86.46307373046875,"orthographic":false}