{"cameraMode":{"drawMode":0,"name":"Shaded","section":"Shading Mode"},"sceneLighting":true,"audioPlay":false,"sceneViewState":{"m_AlwaysRefresh":false,"showFog":true,"showSkybox":true,"showFlares":true,"showImageEffects":true,"showParticleSystems":true,"showVisualEffectGraphs":true,"m_FxEnabled":true},"in2DMode":false,"pivot":{"x":-1.9138803482055665,"y":4.295979976654053,"z":118.51128387451172},"rotation":{"x":0.03505178168416023,"y":-0.014713822863996029,"z":0.0005724409129470587,"w":0.9993150234222412},"size":75.9871826171875,"orthographic":false}