{"cameraMode":{"drawMode":0,"name":"Shaded","section":"Shading Mode"},"sceneLighting":true,"audioPlay":false,"sceneViewState":{"m_AlwaysRefresh":false,"showFog":true,"showSkybox":true,"showFlares":true,"showImageEffects":true,"showParticleSystems":true,"showVisualEffectGraphs":true,"m_FxEnabled":true},"in2DMode":false,"pivot":{"x":3.205314874649048,"y":11.328694343566895,"z":4.000070571899414},"rotation":{"x":-0.046791285276412967,"y":0.008088447153568268,"z":-0.00037906932993792,"w":-0.998873770236969},"size":6.042359352111816,"orthographic":false}